Name,Age,City
Алесинчка,35,Калининград
Алесин,46,Калининград
Леськаюта,58,Казань
Алесиннуся,29,Казань
Олесячка,51,Казань
Леськана,50,Калининград
Алесяюта,24,Екатеринбург
Аляна,25,Казань
Леськаюта,29,Казань
Алесинюта,22,Калининград
Аляша,32,Казань
Аляша,23,Калининград
Алесиннуся,26,Калининград
Алесинна,26,Калининград
Леськаша,23,Казань
Алесша,30,Казань
Лесяна,23,Новосибирск
Леськануся,33,Екатеринбург
Алесьюта,65,Москва
Олесячка,23,Калининград
Алесьна,30,Калининград
Алесна,19,Новосибирск
Алесинна,59,Калининград
Алесьчка,64,Калининград
Алесинюта,34,Казань
Алес,62,Санкт-Петербург
Алеськана,23,Калининград
Алесенькаюта,31,Казань
Алеськачка,63,Новосибирск
Алесинюта,35,Екатеринбург
Алесюта,47,Казань
Алесеньканька,29,Казань
Алесьчка,23,Калининград
Алесьюта,31,Москва
Леськануся,23,Калининград
Алесчка,32,Санкт-Петербург
Алеськанька,50,Казань
Алесиннька,61,Казань
Алесьчка,30,Санкт-Петербург
Олесянуся,42,Казань
Алесянуся,19,Казань
Лесяюта,23,Калининград
Лесячка,31,Санкт-Петербург
Олесяюта,34,Калининград
Олесяна,26,Казань
Алесеньканька,47,Екатеринбург
Алесяюта,21,Новосибирск
Алеськаюта,54,Казань
Алесчка,29,Калининград
Алячка,29,Калининград
Лесяша,42,Калининград
Алесянька,35,Казань
Алесша,32,Казань
Леськанька,65,Калининград
Алесиннька,36,Калининград
Олесяна,35,Санкт-Петербург
Алеськана,27,Екатеринбург
Леськачка,35,Казань
Алесеньканька,32,Калининград
Алесьша,27,Новосибирск
Алесеньканька,23,Екатеринбург
Леськануся,63,Санкт-Петербург
Лесяша,20,Калининград
Алесьчка,53,Казань
Алеськаюта,21,Казань
Алеснуся,65,Санкт-Петербург
Олесянька,23,Москва
Лесяша,22,Калининград
Лесяна,18,Калининград
Алесенькаюта,21,Казань
Алесянуся,23,Калининград
Аля,20,Казань
Леськанька,35,Калининград
Аляна,28,Калининград
Лесяша,26,Калининград
Лесянька,32,Казань
Лесячка,32,Москва
Алесенькаюта,27,Казань
Леся,41,Калининград
Алес,50,Казань
Алесьюта,47,Казань
Алесинна,61,Калининград
Алесянуся,56,Казань
Алесяша,48,Казань
Лесянька,45,Казань
Алесяюта,25,Москва
Леська,33,Калининград
Леськана,29,Санкт-Петербург
Алесьна,64,Москва
Алесенька,64,Москва
Леськаюта,18,Калининград
Алесяюта,35,Калининград
Лесячка,48,Казань
Алесша,26,Москва
Алесеньканька,35,Калининград
Олесяюта,18,Казань
Алесенька,40,Казань
Алеськаюта,22,Казань
Алесьчка,34,Калининград
Алеснуся,46,Казань
Алесиннька,32,Калининград
Алеснуся,23,Санкт-Петербург
Алесенькануся,28,Санкт-Петербург
Аля,46,Екатеринбург
Алесша,31,Санкт-Петербург
Алеськаюта,48,Москва
Алесьнька,32,Казань
Алесянька,27,Калининград
Алеськанька,62,Москва
Олесянуся,18,Калининград
Лесяюта,34,Санкт-Петербург
Алеськаша,47,Казань
Олесянька,47,Москва
Олесяюта,40,Калининград
Алесенькаюта,20,Калининград
Алесенькануся,33,Калининград
Олеся,21,Казань
Алесюта,31,Калининград
Алесьша,23,Москва
Олесянька,56,Казань
Алесенькана,22,Москва
Алесиннуся,65,Калининград
Алеся,30,Новосибирск
Алесчка,64,Калининград
Аляна,49,Калининград
Алячка,35,Санкт-Петербург
Алесинша,19,Калининград
Олесяюта,22,Санкт-Петербург
Алеськаюта,49,Москва
Алеськаша,19,Москва
Аляша,40,Екатеринбург
Алесин,20,Казань
Алесинчка,32,Калининград
Аляюта,30,Калининград
Леся,38,Калининград
Олесяюта,35,Казань
Алесянька,26,Казань
Лесяша,25,Казань
Алесчка,49,Казань
Олесяна,59,Санкт-Петербург
Лесянуся,45,Санкт-Петербург
Алеська,23,Москва
Алесинна,26,Казань
Аляша,19,Санкт-Петербург
Лесячка,30,Калининград
Аляюта,27,Казань
Алесиннька,18,Казань
Алесьюта,34,Калининград
Олеся,21,Екатеринбург
Лесяша,36,Москва
Алячка,24,Калининград
Алянька,34,Казань
Алеськана,43,Казань
Олесячка,20,Калининград
Алесьчка,34,Калининград
Алесиннька,24,Москва
Алеся,42,Казань
Леськаша,23,Казань
Лесяша,21,Калининград
Алесюта,55,Калининград
Алеснька,47,Казань
Алесь,34,Москва
Аля,35,Калининград
Алянуся,23,Казань
Алесенькачка,19,Калининград
Алеськануся,18,Казань
Алесьна,25,Калининград
Алесиннька,25,Санкт-Петербург
Алесша,27,Казань
Алесинюта,32,Санкт-Петербург
Алянуся,35,Новосибирск
Леськаюта,34,Казань
Лесяна,32,Москва
Олесянуся,47,Санкт-Петербург
Алесяша,25,Санкт-Петербург
Алесянька,35,Калининград
Алеськануся,26,Новосибирск
Лесяна,31,Калининград
Алянька,22,Калининград
Леськачка,49,Москва
Алесиннуся,24,Москва
Алеськанька,39,Казань
Алесяна,33,Казань
Аляюта,26,Калининград
Алесенькана,28,Казань
Алянька,37,Казань
Алеськанька,21,Казань
Леськанька,54,Калининград
Алеськануся,61,Казань
Алесинна,20,Калининград
Алесеньканька,26,Казань
Алесьнуся,52,Калининград
Алеськаша,22,Казань
Алесша,55,Москва
Алесянька,43,Санкт-Петербург
Алеськачка,22,Москва
Алесьна,18,Калининград
Леськанька,55,Казань
Алесенька,19,Казань
Леськана,45,Калининград
Олесянька,34,Калининград
Алесьнуся,20,Санкт-Петербург
Алеснуся,39,Москва
Аляна,26,Казань
Алес,26,Калининград
Алесинна,60,Санкт-Петербург
Алесьша,64,Калининград
Алесенькачка,23,Казань
Алячка,35,Калининград
Олесяюта,34,Екатеринбург
Алеськана,45,Москва
Алесчка,53,Казань
Алесьнька,59,Москва
Алесьна,28,Санкт-Петербург
Алеськануся,28,Москва
Алеськачка,19,Москва
Алесинюта,30,Калининград
Алесьюта,22,Калининград
Алеськана,60,Москва
Алеськана,61,Калининград
Олесяша,41,Казань
Алеськаша,34,Санкт-Петербург
Алесенькаша,44,Казань
Алесянька,27,Калининград
Олесяна,50,Калининград
Леськана,54,Калининград
Алесиннуся,29,Калининград
Алеснуся,21,Казань
Лесяна,21,Калининград
Алеськануся,50,Казань
Алеснуся,62,Санкт-Петербург
Алесинюта,29,Калининград
Алесьша,54,Казань
Леськана,43,Калининград
Алесиннуся,23,Новосибирск
Алеся,33,Калининград
Алеськанька,65,Казань
Леськачка,31,Казань
Леськана,61,Москва
Алесеньканька,40,Санкт-Петербург
Алесячка,34,Казань
Алесенька,62,Калининград
Леськаша,24,Калининград
Алесьнуся,26,Калининград
Алесь,29,Калининград
Леськана,54,Калининград
Алесьша,34,Санкт-Петербург
Алесенькаша,31,Калининград
Аля,40,Калининград
Алес,19,Казань
Алесенькаша,22,Калининград
Алеся,30,Санкт-Петербург
Леськаша,32,Казань
Алесин,42,Калининград
Алесячка,18,Казань
Алесьша,48,Санкт-Петербург
Лесянуся,25,Казань
Леськаша,18,Москва
Алесяна,35,Казань
Алесинчка,24,Екатеринбург
Алеськанька,32,Казань
Олесянуся,27,Калининград
Лесянуся,18,Калининград
Алячка,24,Казань
Алесяюта,26,Новосибирск
Алянька,27,Калининград
Алянуся,31,Казань
Алесиннуся,26,Казань
Лесянуся,20,Новосибирск
Алянуся,35,Казань
Алесенькаюта,34,Санкт-Петербург
Алесенька,23,Казань
Алесна,34,Казань
Аляна,23,Москва
Аляша,29,Калининград
Алесьчка,25,Калининград
Аляша,30,Калининград
Алянька,24,Казань
Алесьша,28,Калининград
Алесьчка,21,Калининград
Леськаюта,32,Калининград
Олесяюта,21,Москва
Лесяюта,26,Калининград
Аля,46,Москва
Алесячка,27,Новосибирск
Леся,21,Калининград
Алесинюта,25,Москва
Олесяна,37,Калининград
Лесянька,33,Новосибирск
Алес,19,Калининград
Алесиннька,24,Санкт-Петербург
Алесенькануся,31,Москва
Алеснуся,27,Санкт-Петербург
Алесинчка,45,Екатеринбург
Алесьна,46,Казань
Алесянуся,65,Калининград
Алесинчка,34,Москва
Леськачка,61,Казань
Алесинчка,57,Казань
Олесячка,22,Санкт-Петербург
Алесяна,18,Казань
Алесьна,47,Калининград
Алесенькаша,24,Екатеринбург
Алесяша,26,Казань
Алесенькаша,27,Казань
Леськачка,32,Казань
Алесянуся,21,Казань
Алесьша,21,Калининград
Лесянька,56,Казань
Алесяша,20,Казань
Лесянуся,22,Казань
Алесьша,19,Казань
Алесь,37,Казань
Алеснька,18,Казань
Алесяюта,48,Казань
Леськаюта,33,Калининград
Алесна,19,Калининград
Алесинша,31,Калининград
Аляюта,57,Калининград
Алесинна,29,Санкт-Петербург
Алесна,33,Калининград
Алянька,35,Санкт-Петербург
Алесинна,56,Москва
Леся,35,Калининград
Алесюта,59,Новосибирск
Олесяша,48,Екатеринбург
Леськаюта,19,Москва
Олеся,63,Екатеринбург
Лесяна,34,Калининград
Алесинша,21,Санкт-Петербург
Лесячка,19,Казань
Алянуся,27,Новосибирск
Олесячка,32,Казань
Алеськана,25,Казань
Алесна,33,Новосибирск
Алесинчка,22,Казань
Алесинна,34,Калининград
Леськана,60,Калининград
Алесинюта,50,Санкт-Петербург
Лесячка,32,Казань
Алеськачка,53,Калининград
Олесячка,28,Санкт-Петербург
Алесьна,51,Казань
Алесенька,53,Москва
Аля,26,Казань
Аляна,35,Казань
Алесша,50,Калининград
Аляна,43,Калининград
Аляша,22,Санкт-Петербург
Алянька,31,Санкт-Петербург
Алеськана,31,Калининград
Аляна,35,Казань
Алесьнька,62,Казань
Алесянька,29,Казань
Алесеньканька,21,Калининград
Алеськачка,59,Казань
Алесь,24,Калининград
Лесяша,24,Москва
Алесьюта,34,Калининград
Алеськаша,32,Казань
Алесенькачка,22,Москва
Алес,31,Калининград
Леськаша,36,Новосибирск
Алеськануся,19,Калининград
Олесянуся,36,Калининград
Олесяюта,32,Калининград
